hotel_id,hotel_name,hotel_rating,hotel_experience,amenities,address,country,location,hotel_price
1,Jaipur Marriott Hotel,4.4,Excellent,"['Hot Tub', 'Air conditioning', 'Spa', 'Free WiFi', 'Parking included', 'Laundry']","Ashram Marg Near Jawahar Circle, Tonk Road, Jaipur, Rajasthan, 302015",India,"26.840895, 75.796167",94
2,"ITC Rajputana, A Luxury Collection Hotel, Jaipur",4.4,Excellent,"['Air conditioning', 'Spa', 'Free WiFi', 'Parking included', 'Laundry', 'Pet friendly']","Palace Road Rajasthan, Jaipur, Rajasthan, 302006",India,"26.918753, 75.791663",72
3,Hilton Jaipur,4.3,Excellent,"['Air conditioning', 'Spa', 'Free WiFi', 'Parking included', 'Laundry', 'Pool']","42 Geejgarh House Hawa Sadak, Jaipur, Rajasthan, 302006",India,"26.901508, 75.783514",63
4,"Trident, Jaipur",4.4,Excellent,"['Air conditioning', 'Spa', 'Free WiFi', 'Parking included', 'Laundry', 'Pool']","Amber Fort Road Opposite Jal, Jaipur, Rajasthan, 302002",India,"26.956677, 75.843231",74
5,Jaipur Marriott Hotel,4.4,Excellent,"['Hot Tub', 'Air conditioning', 'Spa', 'Free WiFi', 'Parking included', 'Laundry']","Ashram Marg Near Jawahar Circle, Tonk Road, Jaipur, Rajasthan, 302015",India,"26.840895, 75.796167",94
6,Hilton Jaipur,4.3,Excellent,"['Air conditioning', 'Spa', 'Free WiFi', 'Parking included', 'Laundry', 'Pool']","42 Geejgarh House Hawa Sadak, Jaipur, Rajasthan, 302006",India,"26.901508, 75.783514",63
7,"ITC Rajputana, A Luxury Collection Hotel, Jaipur",4.4,Excellent,"['Air conditioning', 'Spa', 'Free WiFi', 'Parking included', 'Laundry', 'Pet friendly']","Palace Road Rajasthan, Jaipur, Rajasthan, 302006",India,"26.918753, 75.791663",72
8,"Holiday Inn Jaipur City Centre, an IHG Hotel",4.2,Very Good,"['Air conditioning', 'Spa', 'Free WiFi', 'Parking included', 'Laundry', 'Pool']","Commercial Plot No 1 Sardar Patel Road, Jaipur, Rajasthan, 302001",India,"26.90255, 75.793189",66
9,"Four Points by Sheraton Jaipur, City Square",4.0,Very Good,"['Air conditioning', 'Spa', 'Free WiFi', 'Parking included', 'Laundry', 'Pool']","City Square, Vasundhara Colony, Tonk Road, Jaipur, Rajasthan, 302018",India,"26.863574, 75.796034",61
10,The Oberoi Rajvilas,4.8,Exceptional,"['Air conditioning', 'Spa', 'Free WiFi', 'Parking included', 'Laundry', 'Pool']","Goner Road, Jaipur, Rajasthan, 303012",India,"26.876067, 75.882354",362
11,5 BY OYO METROPOLITAN,4.1,Very Good,"['Air conditioning', 'Spa', 'Free WiFi', 'Parking included', 'Laundry', 'Pool']","Near Nehru Sehkar Bhawan, C Scheme, Jaipur, RJ, 302007",India,"26.902057, 75.793617",75
12,Rambagh Palace,4.8,Exceptional,"['Hot Tub', 'Air conditioning', 'Spa', 'Free WiFi', 'Parking included', 'Laundry']","Bhawani Singh Road, Jaipur, Rajasthan, 302 005",India,"26.897621, 75.807762",499
13,"Crowne Plaza Jaipur Tonk Road, an IHG Hotel",4.4,Excellent,"['Air conditioning', 'Spa', 'Free WiFi', 'Parking included', 'Laundry', 'Pool']","SP1, Sitapura (RIICO), Tonk Road, Jaipur, Rajasthan, 302022",India,"26.779667, 75.827339",54
14,"Four Points by Sheraton Jaipur, City Square",4.0,Very Good,"['Air conditioning', 'Spa', 'Free WiFi', 'Parking included', 'Laundry', 'Pool']","City Square, Vasundhara Colony, Tonk Road, Jaipur, Rajasthan, 302018",India,"26.863574, 75.796034",61
15,Umaid Bhawan - A Heritage Style Boutique Hotel,4.3,Excellent,"['Breakfast included', 'Air conditioning', 'Free WiFi', 'Parking included', 'Laundry', 'Pool']","Behari Marg, Bank Road, bani Park, Jaipur, Rajasthan, 302016",India,"26.92844, 75.79236",63
16,Le Méridien Jaipur Resort & Spa,4.3,Excellent,"['Air conditioning', 'Spa', 'Free WiFi', 'Parking included', 'Laundry', 'Pool']","Number 1, RIICO, Amer, Rajasthan, 302028",India,"27.032676, 75.888939",114
17,Radisson Jaipur City Center,4.0,Very Good,"['Hot Tub', 'Air conditioning', 'Spa', 'Free WiFi', 'Parking included', 'Laundry']","Khasa Kothi Circle, M.I. Road, Jaipur, Rajasthan, 302001",India,"26.920224, 75.794316",60
18,"Devi Ratn, Jaipur -IHCL SeleQtions",4.7,Exceptional,"['Air conditioning', 'Free WiFi', 'Parking included', 'Laundry', 'Pet friendly', 'Pool']","Jamdoli, Agra Road, Tehsil Ballupura, Jaipur, Rajasthan, 302031",India,"26.916746, 75.880932",208
19,Chokhi Dhani Resort Jaipur,3.9,Good,"['Air conditioning', 'Free WiFi', 'Parking included', 'Laundry', 'Restaurant', 'Breakfast available']","12th Mile, Tonk Road, via Vatika, Jaipur, Rajasthan, 303905",India,"26.767058, 75.836825",114
20,The Leela Palace Jaipur,4.7,Exceptional,"['Air conditioning', 'Spa', 'Free WiFi', 'Parking included', 'Laundry', 'Pool']","Jaipur-Delhi Highway NH11, Kookas, Jamwa Ramgarh, Rajasthan, 302028",India,"27.048078, 75.902651",201
21,Radisson Blu Jaipur,3.8,Good,"['Air conditioning', 'Spa', 'Free WiFi', 'Parking included', 'Laundry', 'Pool']","Plot No 5 & 6 Airport Plaza, Tonk Road, Jaipur, Rajasthan, 302018",India,"26.842498, 75.793736",74
22,Umaid Mahal - A Heritage Style Boutique Hotel,4.3,Excellent,"['Air conditioning', 'Free WiFi', 'Parking included', 'Laundry', 'Pool', 'Restaurant']","C-20/B2 Behari Marg Bani Park, Jaipur, Rajasthan, 302016",India,"26.927879, 75.78891",46
23,Buena Vista Luxury Resort,4.5,Wonderful,"['Hot Tub', 'Air conditioning', 'Spa', 'Free WiFi', 'Parking included', 'Laundry']","Village Pilli Ki Talai, Delhi Bypass Rd, Jaipur District, Amer, Rajasthan, 302028",India,"26.984625, 75.906878",322
24,Alsisar Haveli - A Heritage Hotel,4.3,Excellent,"['Air conditioning', 'Spa', 'Free WiFi', 'Parking included', 'Laundry', 'Pool']","Sansar Chandra Road, Jaipur, Rajasthan, 302001",India,"26.922864, 75.804215",101
25,Rajmahal Palace RAAS,4.4,Excellent,"['Breakfast included', 'Air conditioning', 'Spa', 'Free WiFi', 'Parking included', 'Laundry']","Sadar Patel Marg, Jaipur, Rajasthan, 302001",India,"26.903559, 75.792821",516
26,Royal Heritage Haveli,4.4,Excellent,"['Breakfast included', 'Air conditioning', 'Spa', 'Free WiFi', 'Parking included', 'Laundry']","Khatipura Tiraya, Khatipura Road, Jaipur, Rajasthan, 302012",India,"26.925373, 75.745785",142
27,Ramada by Wyndham Jaipur,4.0,Very Good,"['Air conditioning', 'Spa', 'Free WiFi', 'Parking included', 'Laundry', 'Pool']","Govind Marg Raja Park, Jaipur, Rajasthan, 302004",India,"26.896044, 75.829106",90
28,Umaid Haveli Hotel & Resorts,3.8,Good,"['Breakfast included', 'Air conditioning', 'Spa', 'Free WiFi', 'Parking included', 'Laundry']","CP-5 RIICO Kukas, Amer, Rajasthan, 302028",India,"27.029656, 75.89593",108
29,Ramada by Wyndham Jaipur North,,,"['Breakfast included', 'Air conditioning', 'Free WiFi', 'Parking included', 'Pool', 'Restaurant']","A-2/3/11/12, Metal Colony Sikar Road, Opposite Bhawani Niketan School, Jaipur, RJ, 302023",India,"26.947762, 75.77337",57
30,Doubletree by Hilton Jaipur Amer,4.6,Wonderful,"['Air conditioning', 'Parking included', 'Laundry', 'Pool', 'Restaurant', 'Gym']","935 Kukas Delhi Road, Jamwa Ramgarh, Rajasthan, 302028",India,"27.046302, 75.905236",161
31,Sarovar Premiere Jaipur,3.9,Good,"['Air conditioning', 'Free WiFi', 'Parking included', 'Laundry', 'Pool', 'Restaurant temporarily unavailableRestaurant']","Lal Kothi, Tonk Road, Sahakar Marg, Jaipur, Rajasthan, 302015",India,"26.881962, 75.797315",60
32,Narain Niwas Palace,,,"['Air conditioning', 'Spa', 'Free WiFi', 'Parking included', 'Laundry', 'Pool']","J-5, Narayan Singh Road, Jaipur, RJ, 302004",India,"26.899523, 75.813088",88
33,Zone by The Park Bani Park Jaipur,4.0,Very Good,"['Air conditioning', 'Spa', 'Free WiFi', 'Parking included', 'Laundry', 'Restaurant temporarily unavailableRestaurant']","Madhosingh Road, Bani Park, Jaipur, Rajasthan, 302016",India,"26.933869, 75.794125",86
34,Bissau Palace,3.6,Good,"['Hot Tub', 'Air conditioning', 'Free WiFi', 'Parking included', 'Laundry', 'Pool']","Khetri House Road, Near Saroj Cinema, Outside Chandpole Gate, Jaipur, Rajasthan, 302016",India,"26.929905, 75.807597",67
35,ibis Jaipur Civil Lines Hotel,3.9,Good,"['Air conditioning', 'Free WiFi', 'Parking included', 'Laundry', 'Pool', 'Restaurant']","Civil Lines Area, Ajmer Road, Near Civil Lines Metro Station, Jaipur, Rajasthan, 302006",India,"26.90795, 75.779678",47
36,Pearl Palace Heritage,4.8,Exceptional,"['Air conditioning', 'Free WiFi', 'Parking included', 'Laundry', 'Breakfast available', 'Room service']","54 , Gopal Bari, Jaipur, RJ, 302001",India,"26.91593, 75.79243",39
1,Jaipur Marriott Hotel,4.4,Excellent,"['Hot Tub', 'Air conditioning', 'Spa', 'Free WiFi', 'Parking included', 'Laundry']","Ashram Marg Near Jawahar Circle, Tonk Road, Jaipur, Rajasthan, 302015",India,"26.840895, 75.796167",94
2,"ITC Rajputana, A Luxury Collection Hotel, Jaipur",4.4,Excellent,"['Air conditioning', 'Spa', 'Free WiFi', 'Parking included', 'Laundry', 'Pet friendly']","Palace Road Rajasthan, Jaipur, Rajasthan, 302006",India,"26.918753, 75.791663",72
3,Hilton Jaipur,4.3,Excellent,"['Air conditioning', 'Spa', 'Free WiFi', 'Parking included', 'Laundry', 'Pool']","42 Geejgarh House Hawa Sadak, Jaipur, Rajasthan, 302006",India,"26.901508, 75.783514",63
4,"Trident, Jaipur",4.4,Excellent,"['Air conditioning', 'Spa', 'Free WiFi', 'Parking included', 'Laundry', 'Pool']","Amber Fort Road Opposite Jal, Jaipur, Rajasthan, 302002",India,"26.956677, 75.843231",74
5,Jaipur Marriott Hotel,4.4,Excellent,"['Hot Tub', 'Air conditioning', 'Spa', 'Free WiFi', 'Parking included', 'Laundry']","Ashram Marg Near Jawahar Circle, Tonk Road, Jaipur, Rajasthan, 302015",India,"26.840895, 75.796167",94
6,Hilton Jaipur,4.3,Excellent,"['Air conditioning', 'Spa', 'Free WiFi', 'Parking included', 'Laundry', 'Pool']","42 Geejgarh House Hawa Sadak, Jaipur, Rajasthan, 302006",India,"26.901508, 75.783514",63
7,"ITC Rajputana, A Luxury Collection Hotel, Jaipur",4.4,Excellent,"['Air conditioning', 'Spa', 'Free WiFi', 'Parking included', 'Laundry', 'Pet friendly']","Palace Road Rajasthan, Jaipur, Rajasthan, 302006",India,"26.918753, 75.791663",72
8,"Holiday Inn Jaipur City Centre, an IHG Hotel",4.2,Very Good,"['Air conditioning', 'Spa', 'Free WiFi', 'Parking included', 'Laundry', 'Pool']","Commercial Plot No 1 Sardar Patel Road, Jaipur, Rajasthan, 302001",India,"26.90255, 75.793189",66
9,"Four Points by Sheraton Jaipur, City Square",4.0,Very Good,"['Air conditioning', 'Spa', 'Free WiFi', 'Parking included', 'Laundry', 'Pool']","City Square, Vasundhara Colony, Tonk Road, Jaipur, Rajasthan, 302018",India,"26.863574, 75.796034",61
10,The Oberoi Rajvilas,4.8,Exceptional,"['Air conditioning', 'Spa', 'Free WiFi', 'Parking included', 'Laundry', 'Pool']","Goner Road, Jaipur, Rajasthan, 303012",India,"26.876067, 75.882354",362
11,5 BY OYO METROPOLITAN,4.1,Very Good,"['Air conditioning', 'Spa', 'Free WiFi', 'Parking included', 'Laundry', 'Pool']","Near Nehru Sehkar Bhawan, C Scheme, Jaipur, RJ, 302007",India,"26.902057, 75.793617",75
12,Rambagh Palace,4.8,Exceptional,"['Hot Tub', 'Air conditioning', 'Spa', 'Free WiFi', 'Parking included', 'Laundry']","Bhawani Singh Road, Jaipur, Rajasthan, 302 005",India,"26.897621, 75.807762",499
13,"Crowne Plaza Jaipur Tonk Road, an IHG Hotel",4.4,Excellent,"['Air conditioning', 'Spa', 'Free WiFi', 'Parking included', 'Laundry', 'Pool']","SP1, Sitapura (RIICO), Tonk Road, Jaipur, Rajasthan, 302022",India,"26.779667, 75.827339",54
14,"Four Points by Sheraton Jaipur, City Square",4.0,Very Good,"['Air conditioning', 'Spa', 'Free WiFi', 'Parking included', 'Laundry', 'Pool']","City Square, Vasundhara Colony, Tonk Road, Jaipur, Rajasthan, 302018",India,"26.863574, 75.796034",61
15,Umaid Bhawan - A Heritage Style Boutique Hotel,4.3,Excellent,"['Breakfast included', 'Air conditioning', 'Free WiFi', 'Parking included', 'Laundry', 'Pool']","Behari Marg, Bank Road, bani Park, Jaipur, Rajasthan, 302016",India,"26.92844, 75.79236",63
16,Le Méridien Jaipur Resort & Spa,4.3,Excellent,"['Air conditioning', 'Spa', 'Free WiFi', 'Parking included', 'Laundry', 'Pool']","Number 1, RIICO, Amer, Rajasthan, 302028",India,"27.032676, 75.888939",114
17,Radisson Jaipur City Center,4.0,Very Good,"['Hot Tub', 'Air conditioning', 'Spa', 'Free WiFi', 'Parking included', 'Laundry']","Khasa Kothi Circle, M.I. Road, Jaipur, Rajasthan, 302001",India,"26.920224, 75.794316",60
18,"Devi Ratn, Jaipur -IHCL SeleQtions",4.7,Exceptional,"['Air conditioning', 'Free WiFi', 'Parking included', 'Laundry', 'Pet friendly', 'Pool']","Jamdoli, Agra Road, Tehsil Ballupura, Jaipur, Rajasthan, 302031",India,"26.916746, 75.880932",208
19,Chokhi Dhani Resort Jaipur,3.9,Good,"['Air conditioning', 'Free WiFi', 'Parking included', 'Laundry', 'Restaurant', 'Breakfast available']","12th Mile, Tonk Road, via Vatika, Jaipur, Rajasthan, 303905",India,"26.767058, 75.836825",114
20,The Leela Palace Jaipur,4.7,Exceptional,"['Air conditioning', 'Spa', 'Free WiFi', 'Parking included', 'Laundry', 'Pool']","Jaipur-Delhi Highway NH11, Kookas, Jamwa Ramgarh, Rajasthan, 302028",India,"27.048078, 75.902651",201
21,Radisson Blu Jaipur,3.8,Good,"['Air conditioning', 'Spa', 'Free WiFi', 'Parking included', 'Laundry', 'Pool']","Plot No 5 & 6 Airport Plaza, Tonk Road, Jaipur, Rajasthan, 302018",India,"26.842498, 75.793736",74
22,Umaid Mahal - A Heritage Style Boutique Hotel,4.3,Excellent,"['Air conditioning', 'Free WiFi', 'Parking included', 'Laundry', 'Pool', 'Restaurant']","C-20/B2 Behari Marg Bani Park, Jaipur, Rajasthan, 302016",India,"26.927879, 75.78891",46
23,Buena Vista Luxury Resort,4.5,Wonderful,"['Hot Tub', 'Air conditioning', 'Spa', 'Free WiFi', 'Parking included', 'Laundry']","Village Pilli Ki Talai, Delhi Bypass Rd, Jaipur District, Amer, Rajasthan, 302028",India,"26.984625, 75.906878",322
24,Alsisar Haveli - A Heritage Hotel,4.3,Excellent,"['Air conditioning', 'Spa', 'Free WiFi', 'Parking included', 'Laundry', 'Pool']","Sansar Chandra Road, Jaipur, Rajasthan, 302001",India,"26.922864, 75.804215",101
25,Rajmahal Palace RAAS,4.4,Excellent,"['Breakfast included', 'Air conditioning', 'Spa', 'Free WiFi', 'Parking included', 'Laundry']","Sadar Patel Marg, Jaipur, Rajasthan, 302001",India,"26.903559, 75.792821",516
26,Royal Heritage Haveli,4.4,Excellent,"['Breakfast included', 'Air conditioning', 'Spa', 'Free WiFi', 'Parking included', 'Laundry']","Khatipura Tiraya, Khatipura Road, Jaipur, Rajasthan, 302012",India,"26.925373, 75.745785",142
27,Ramada by Wyndham Jaipur,4.0,Very Good,"['Air conditioning', 'Spa', 'Free WiFi', 'Parking included', 'Laundry', 'Pool']","Govind Marg Raja Park, Jaipur, Rajasthan, 302004",India,"26.896044, 75.829106",90
28,Umaid Haveli Hotel & Resorts,3.8,Good,"['Breakfast included', 'Air conditioning', 'Spa', 'Free WiFi', 'Parking included', 'Laundry']","CP-5 RIICO Kukas, Amer, Rajasthan, 302028",India,"27.029656, 75.89593",108
29,Ramada by Wyndham Jaipur North,,,"['Breakfast included', 'Air conditioning', 'Free WiFi', 'Parking included', 'Pool', 'Restaurant']","A-2/3/11/12, Metal Colony Sikar Road, Opposite Bhawani Niketan School, Jaipur, RJ, 302023",India,"26.947762, 75.77337",57
30,Doubletree by Hilton Jaipur Amer,4.6,Wonderful,"['Air conditioning', 'Parking included', 'Laundry', 'Pool', 'Restaurant', 'Gym']","935 Kukas Delhi Road, Jamwa Ramgarh, Rajasthan, 302028",India,"27.046302, 75.905236",161
31,Sarovar Premiere Jaipur,3.9,Good,"['Air conditioning', 'Free WiFi', 'Parking included', 'Laundry', 'Pool', 'Restaurant temporarily unavailableRestaurant']","Lal Kothi, Tonk Road, Sahakar Marg, Jaipur, Rajasthan, 302015",India,"26.881962, 75.797315",60
32,Narain Niwas Palace,,,"['Air conditioning', 'Spa', 'Free WiFi', 'Parking included', 'Laundry', 'Pool']","J-5, Narayan Singh Road, Jaipur, RJ, 302004",India,"26.899523, 75.813088",88
33,Zone by The Park Bani Park Jaipur,4.0,Very Good,"['Air conditioning', 'Spa', 'Free WiFi', 'Parking included', 'Laundry', 'Restaurant temporarily unavailableRestaurant']","Madhosingh Road, Bani Park, Jaipur, Rajasthan, 302016",India,"26.933869, 75.794125",86
34,Bissau Palace,3.6,Good,"['Hot Tub', 'Air conditioning', 'Free WiFi', 'Parking included', 'Laundry', 'Pool']","Khetri House Road, Near Saroj Cinema, Outside Chandpole Gate, Jaipur, Rajasthan, 302016",India,"26.929905, 75.807597",67
35,ibis Jaipur Civil Lines Hotel,3.9,Good,"['Air conditioning', 'Free WiFi', 'Parking included', 'Laundry', 'Pool', 'Restaurant']","Civil Lines Area, Ajmer Road, Near Civil Lines Metro Station, Jaipur, Rajasthan, 302006",India,"26.90795, 75.779678",47
36,Pearl Palace Heritage,4.8,Exceptional,"['Air conditioning', 'Free WiFi', 'Parking included', 'Laundry', 'Breakfast available', 'Room service']","54 , Gopal Bari, Jaipur, RJ, 302001",India,"26.91593, 75.79243",39
37,Hotel Royal Orchid,4.0,Very Good,"['Air conditioning', 'Free WiFi', 'Parking included', 'Laundry', 'Pool', 'Restaurant']","Opposite to BSNL Office, Tonk Road, Near Durgapura Flyover, Durgapura, Jaipur, Rajasthan, 302018",India,"26.84485, 75.793496",56
38,Leisure Inn Grand Chanakya,4.1,Very Good,"['Air conditioning', 'Spa', 'Free WiFi', 'Parking included', 'Laundry', 'Restaurant']","4 A-B, Kashi Bhawan, Panch Batti, M.I., Jaipur Rajasthan 302001 India, Jaipur, Rajasthan, 302001",India,"26.916507, 75.807764",30
39,Vesta International,3.5,Good,"['Air conditioning', 'Free WiFi', 'Parking included', 'Laundry', 'Pool', 'Restaurant']","S-3, Linking Road, Near Ajmer Pulia, Gopalbadi, Jaipur, Rajasthan, 302001",India,"26.914604, 75.790847",32
40,The Fern Residency Jaipur,3.9,Good,"['Air conditioning', 'Free WiFi', 'Parking included', 'Laundry', 'Pool', 'Restaurant']","A - 13, Govind Marg, Janata Marg, Near Pink Square Mall, Jaipur, Rajasthan, 302004",India,"26.90353, 75.83707",29
41,"Lemon Tree Premier, Jaipur",4.2,Very Good,"['Air conditioning', 'Free WiFi', 'Parking included', 'Laundry', 'Pool', 'Restaurant']","Nirwan Marg, Bani Park, Jaipur, Rajasthan, 302016",India,"26.930335, 75.799828",94
42,Clarion Inn Jaipur,4.0,Very Good,"['Breakfast included', 'Air conditioning', 'Spa', 'Free WiFi', 'Parking included', 'Laundry']","CP-3 Riico Industrial Area, Jaipur, Amer, 303101",India,"27.030143, 75.894942",94
43,"Bara Bungalow Kalwar, Jaipur - A Rosakue Collection",,,"['Air conditioning', 'Free WiFi', 'Parking included', 'Laundry', 'Pool', 'Restaurant']","Mundota Rd, Jaipur, Rajasthan, 303706",India,"26.988415, 75.584973",94
44,Crimson Park - The Heritage,4.5,Wonderful,"['Breakfast included', 'Air conditioning', 'Free WiFi', 'Parking included', 'Laundry', 'Restaurant']","Amer Road, Near Jal Mahal, Jaipur, Rajasthan, 302001",India,"26.949659, 75.841922",67
45,Om Niwas Suite Hotel,4.5,Wonderful,"['Air conditioning', 'Free WiFi', 'Parking included', 'Laundry', 'Pet friendly', 'Kitchen']","E - 23, Kaushalya Path, Durga Marg, Bani Park, Jaipur, Rajasthan, 302001",India,"26.930366, 75.793914",50
46,Hotel Empire Regency,,,"['Free WiFi', 'Parking included', 'Pool', 'Restaurant', 'Breakfast available', 'Business services']","D-1, Madho Singh Road, Nr. Collectorate Circle, Banipark, Jaipur, Rajasthan, 302016",India,"26.928404, 75.793246",60
47,Khas Bagh,,,"['Air conditioning', 'Spa', 'Free WiFi', 'Parking included', 'Laundry', 'Pet friendly']","Village Natata, Amer, Rajasthan, 302028",India,"27.01501, 75.92018",73
48,"Tree of Life Chhota Mahal, Amer, Jaipur",,,"['Air conditioning', 'Free WiFi', 'Parking included', 'Pet friendly', 'Pool', 'Restaurant']","BARA BUNGALOW AMER, KAMAL BAGH, Amer, Amer, Rajasthan, 302028",India,"27.014391, 75.892709",96
49,Hotel De Nada,4.5,Wonderful,"['Air conditioning', 'Free WiFi', 'Parking included', 'Laundry', 'Pool', 'Restaurant']","9/C/1 Malviya Nagar, Sector 9, Jaipur, Jaipur, Rajasthan, 302017",India,"26.84727, 75.80847",58
50,Barwara Kothi,4.6,Wonderful,"['Air conditioning', 'Free WiFi', 'Parking included', 'Laundry', 'Restaurant', 'Breakfast available']","5, Jacob Road, Civil Lines, Jaipur, Rajasthan, 302006",India,"26.911709, 75.787926",67
51,Comfort Inn Sapphire,4.2,Very Good,"['Breakfast included', 'Air conditioning', 'Free WiFi', 'Parking included', 'Laundry', 'Restaurant']","C-5, New Colony, Near Panchbatti Circle, M I Road, Jaipur, Rajasthan, 302001",India,"26.911672, 75.824325",47
52,The Fern - An Ecotel Hotel Jaipur,3.7,Good,"['Air conditioning', 'Spa', 'Free WiFi', 'Parking included', 'Laundry', 'Pool']","3, Airport Plaza , Nr.Durgapura, Tonk Road, Jaipur, Rajasthan, 3020018",India,"26.842631, 75.794227",64
53,Sarovar Portico Jaipur,4.0,Very Good,"['Air conditioning', 'Free WiFi', 'Parking included', 'Laundry', 'Pool', 'Restaurant']","Plot No 90,Bhan Nagar, Prince Road,Queens Road,Vaishali, Jaipur, Rajasthan, 302021",India,"26.902716, 75.752208",107
54,Dera Rawatsar - Heritage Hotel,4.6,Wonderful,"['Free airport shuttle', 'Breakfast included', 'Air conditioning', 'Free WiFi', 'Parking included', 'Laundry']","D-194/C, Vijay Path, Bani Park, Jaipur, Rajasthan, 302016",India,"26.925349, 75.800807",50
55,County Inn Hotel,4.0,Very Good,"['Air conditioning', 'Free WiFi', 'Parking included', 'Laundry', 'Restaurant', 'Room service']","268 Vaishali Marg, Nemi Sagar Colony, Hanuman Nagar, Jaipur, RJ, 302021",India,"26.915164, 75.752316",97
56,Khandwa Haveli,,,"['Air conditioning', 'Free WiFi', 'Parking included', 'Laundry', 'Restaurant', 'Business services']","Ambabari, Sikar Road, Jaipur, Rajasthan, 302039",India,"26.943982, 75.773508",43
57,Royal Orchid Central Jaipur,3.8,Good,"['Air conditioning', 'Free WiFi', 'Parking included', 'Laundry', 'Pool', 'Restaurant']","A-26, A / 2, Jaisingh Highway, Bani Park, Jaipur, Rajasthan, 302016",India,"26.897075, 75.81047",53
58,Hotel 360,,,"['Air conditioning', 'Free WiFi', 'Parking included', 'Laundry', 'Restaurant', 'Breakfast available']","8th Floor, Anukampa Plaza, Nr Rajmandir, Bhagwandas Road, C Scheme, Jaipur, Rajasthan, 302001",India,"26.914525, 75.809592",27
59,Sanskar Prime Hotel,,,"['Air conditioning', 'Free WiFi', 'Parking included', 'Laundry', 'Restaurant', 'Breakfast available']","12-13, DCM, Ajmer Road, Jaipur, Rajasthan, 302021",India,"26.890951, 75.742003",42
60,Hotel Cordon Vay,,,"['Air conditioning', 'Free WiFi', 'Parking included', 'Breakfast available', 'Housekeeping', '24/7 front desk']","B-31, Mahalakshmi Nagar, Behind WTP, JLN Marg, Jaipur, Rajasthan, 302017",India,"26.852518, 75.805354",19
61,Pink Pearl Resort and Fun City,4.0,Very Good,"['Air conditioning', 'Free WiFi', 'Parking included', 'Laundry', 'Pool temporarily unavailablePool', 'Restaurant']","10th Mile, Ajmer Express Highway, Jaipur, Rajasthan, 302026",India,"26.860192, 75.668765",31
62,Hotel Silver Pride,4.4,Excellent,"['Free airport shuttle', 'Air conditioning', 'Free WiFi', 'Parking included', 'Laundry', 'Restaurant']","302 Maharani Farm, Mahaveer Nagar 2nd, Near Airport, Durgapura, Tonk Road, Jaipur, Rajasthan, 302018",India,"26.852625, 75.779392",25
63,Hotel Royal Empire,,,"['Air conditioning', 'Free WiFi', 'Parking included', 'Laundry', 'Pool', 'Restaurant']","83,Girdhar Marg, JLN Marg,Near Fortis, Airport Zone, Jaipur, Rajasthan, 302017",India,"26.84771, 75.8062",51
64,Kapish Home - Heritage Virtuous Stay,,,"['Air conditioning', 'Free WiFi', 'Parking included', 'Laundry', 'Restaurant', 'Breakfast available']","B-133, Mahal yojna, Opp Tagore Public School,Jagatpura, Jaipur, Rajasthan, 302033",India,"26.934452, 75.792093",29
65,Laxmi Palace Heritage Boutique Hotel,3.8,Good,"['Air conditioning', 'Free WiFi', 'Parking included', 'Laundry', 'Pool', 'Restaurant temporarily unavailableRestaurant']","D-194/B, Jagdish Marg, near Sindhi Camp Bus Stn, Bani Park, Jaipur, Rajasthan, 302016",India,"26.925227, 75.80112",36
66,Hotel Dev Villas,5.0,Exceptional,"['Air conditioning', 'Free WiFi', 'Laundry', 'Restaurant', 'Business services', 'Bar']","Metro Pillar no. 57, Gopalpura bypass road, Jaipur, Rajasthan, 302019",India,"26.87983, 75.76426",36
67,Hotel Triveni Residency,,,"['Air conditioning', 'Free WiFi', 'Parking included', 'Laundry', 'Breakfast available', 'Housekeeping']","Plot No 1, Satya Vihar Colony, Near Vidhansabha, Lalkothi, Jaipur, Rajasthan, 302015",India,"26.892026, 75.800203",16
68,Broadway Inn,,,"['Air conditioning', 'Free WiFi', 'Parking included', 'Laundry', 'Pool', 'Restaurant']","Near Transport Nagar Flyover, Jaipur, Rajasthan, 302003",India,"26.905829, 75.84333",42
69,Clarks Amer,,,"['Air conditioning', 'Spa', 'Free WiFi', 'Parking included', 'Laundry', 'Pool']","Jawahar Lal Nehru Marg, Jaipur, Rajasthan, 302018",India,"26.845953, 75.802419",75
70,Villa 243,,,"['Air conditioning', 'Free WiFi', 'Parking included', 'Laundry', 'Pool', 'Restaurant']","243, Katewa Nagar, Vivek Vihar, Shyam Nagar, Jaipur, 302019",India,"26.888372, 75.766082",44
71,Jagrati Ananta Express,5.0,Exceptional,"['Air conditioning', 'Free WiFi', 'Parking included', 'Laundry', 'Restaurant', 'Business services']","SP-2, B2 Bypass Road, RIICO Industrial Area , Mansarovar, Jaipur, Rajasthan, 302020",India,"26.83047, 75.775831",50
72,Hotel Vimal Heritage,4.0,Very Good,"['Hot Tub', 'Air conditioning', 'Free WiFi', 'Parking included', 'Laundry', 'Pool']","148, A/2 Durga Marg, Bani Park, Jaipur, Rajasthan, 302016",India,"26.928524, 75.785577",38
73,Hotel Sarang Palace,3.8,Good,"['Air conditioning', 'Free WiFi', 'Parking included', 'Laundry', 'Restaurant', 'Breakfast available']","A-40, Subhash Nagar, Jaipur, Rajasthan, 302016",India,"26.931789, 75.79339",21
74,Royal View Hotel,,,"['Air conditioning', 'Free WiFi', 'Parking included', 'Laundry', 'Restaurant', 'Breakfast available']","R-18, B.B. Fatima Colony, Ramgarh Moad, Jaipur, Rajasthan, 302002",India,"26.946138, 75.847533",19
75,Shahpura Residency,,,"['Air conditioning', 'Free WiFi', 'Parking included', 'Restaurant', 'Breakfast available', 'Business services']","Tonk Rd, Sita Bari, Sanganer, Jaipur, Rajasthan, 302017",India,"26.827039, 75.794417",32
76,Anuraag Villa,4.6,Wonderful,"['Air conditioning', 'Free WiFi', 'Parking included', 'Laundry', 'Pet friendly', 'Restaurant']","D-249 Devi Marg, Bani Park, Jaipur, Rajasthan, 302016",India,"26.927396, 75.788627",24
77,Hotel Gandharva - A Green Hotel,3.7,Good,"['Free airport shuttle', 'Air conditioning', 'Free WiFi', 'Parking included', 'Laundry', 'Pool']","Station Road, Near Reserve Police Lines, Jaipur, Rajasthan, 302006",India,"26.924609, 75.804699",45
78,KK Royal Hotel & Convention Centre,3.5,Good,"['Breakfast included', 'Air conditioning', 'Spa', 'Free WiFi', 'Parking included', 'Laundry']","Amer Road, Amer, Rajasthan, 302028",India,"26.990464, 75.864786",111
79,OYO 22966 Hotel Raj Niwas,,,"['Air conditioning', 'Free WiFi', 'Parking included', 'Room service', 'Housekeeping', '24/7 front desk']","101 Near Icfai University Agra Road, Jaipur, Rajasthan, 302031",India,"26.888351, 75.890269",33
80,"Lords Plaza, Jaipur",3.5,Good,"['Free airport shuttle', 'Air conditioning', 'Free WiFi', 'Parking included', 'Laundry', 'Restaurant']","Suchna Kendra, Opposite SMS Hospital, Sawai Ram Singh Rd, Near Jaipur, Jaipur, Rajasthan, 302 001",India,"26.908927, 75.815349",27
81,Suryaa Villa - A City Centre Hotel,3.9,Good,"['Air conditioning', 'Spa', 'Free WiFi', 'Parking included', 'Laundry', 'Pool']","C-2, Peelwa Garden, Moti Doongri Road, Jaipur, Rajasthan, 302004",India,"26.900956, 75.820207",47
82,hotel S57,,,"['Air conditioning', 'Free WiFi', 'Parking included', 'Laundry', 'Restaurant', 'Business services']","s57 shyam marg, adinath nagar, Jaipur, rajasthan, 302018",India,"26.8517, 75.80149",29
83,Hotel Marigold Jaipur,3.6,Good,"['Air conditioning', 'Free WiFi', 'Parking included', 'Laundry', 'Pool', 'Restaurant']","IT 20, Sitapura Industrial Area, Near, Jaipur Exhibition & Convention Ctr, Jaipur, 302022",India,"26.788386, 75.830676",51
84,The Zest,,,"['Air conditioning', 'Free WiFi', 'Parking included', 'Laundry', 'Restaurant', 'Room service']","97 A Bhawani Singh Ln, Jaipur, RJ, 302001",India,"26.900863, 75.794906",18
85,Capital O 14864 Hotel Satyam Inn,,,"['Breakfast included', 'Free WiFi', 'Parking included', 'Kitchen', 'Housekeeping', '24/7 front desk']","1, Nagaur Nagar, Opp. Metro Pillar 1, Gopalpura By Pass, Jaipur, Rajasthan, 302019",India,"26.879657, 75.744923",49
86,Hotel Sumaditya,4.0,Very Good,"['Air conditioning', 'Free WiFi', 'Parking included', 'Laundry', 'Restaurant', 'Breakfast available']","A-16B, Sikar Road, Ambabari, Vidhyadhar Nagar, Jaipur, Rajasthan, 302039",India,"26.94357, 75.773674",31
87,Jaipur Hotel New,4.3,Excellent,"['Air conditioning', 'Spa', 'Free WiFi', 'Laundry', 'Restaurant', 'Breakfast available']","07- Film Colony, Jaipur, Rajasthan, 302002",India,"26.917376, 75.820827",24
88,Hotel Rajlaxmi Palace,,,"['Air conditioning', 'Free WiFi', 'Parking included', 'Laundry', 'Restaurant', 'Breakfast available']","Near Sanjivani Hospital, Jaipur, Rajasthan, 302019",India,"26.891327, 75.771006",28
89,Jaipur Inn,4.2,Very Good,"['Air conditioning', 'Free WiFi', 'Parking included', 'Laundry', 'Pet friendly', 'Restaurant temporarily unavailableRestaurant']","B 17 Shiv Marg Bani Park, Jaipur, Rajasthan, 302016",India,"26.928355, 75.79804",27
90,Mandawa Haveli,4.3,Excellent,"['Air conditioning', 'Free WiFi', 'Parking included', 'Laundry', 'Pool', 'Restaurant']","Sansar Chandra Road, Jaipur, Rajasthan, 302001",India,"26.922036, 75.804693",41
91,Hotel Grand Lotus Inn,,,"['Air conditioning', 'Free WiFi', 'Parking included', 'Restaurant', 'Bar', 'Housekeeping']","Lotus Villa Rd, Jaipur, RJ, 302025",India,"26.805165, 75.870605",27
92,Nirwana Hometel Jaipur - A Sarovar Hotel,3.9,Good,"['Air conditioning', 'Free WiFi', 'Parking included', 'Laundry', 'Restaurant', 'Gym']","4 - D Villa, Khasa Kothi Circle, Station Road, Jaipur, Rajasthan, 302001",India,"26.920941, 75.795062",39
93,The Gold Palace & Resorts,,,"['Breakfast included', 'Air conditioning', 'Spa', 'Free WiFi', 'Parking included', 'Laundry']","Jaipur-Delhi National Highway, Kukas, Jaipur, Rajasthan, 303101",India,"26.960245, 75.844983",60
94,Ginger Jaipur,,,"['Air conditioning', 'Free WiFi', 'Laundry', 'Restaurant', 'Gym', 'Breakfast available']","Geejgarh House, Civil Lines, Hawa Sadak, Jaipur, Rajasthan, 302006",India,"26.901436, 75.780566",47
95,Treebo Trend Airport View,,,"['Breakfast included', 'Spa', 'Free WiFi', 'Parking included', 'Laundry', 'Restaurant']","Plot No.37 shreenath nagar,, opp. old airport, Janakpuri, Sanganer, Jaipur, Rajasthan, 302029",India,"26.786587, 75.807605",22
96,Treebo Trend Resolute,,,"['Air conditioning', 'Free WiFi', 'Parking included', 'Laundry', 'Restaurant', 'Room service']","A1, Tonk Rd, near Glass Factory, Jawahar Nagar Colony, Bajaj Nagar, Jaipur, Rajasthan, 302018",India,"26.868489, 75.797102",19
97,Hotel The Livin,4.0,Very Good,"['Air conditioning', 'Free WiFi', 'Parking included', 'Laundry', 'Restaurant', 'Gym']","Plot no 17-18 Subhash Nagar, Shastri Nagar, Near Science Park, Jaipur, Rajasthan, 302016",India,"26.939205, 75.79688",58
98,Hotel Istana Inn,,,"['Air conditioning', 'Free WiFi', 'Parking included', 'Laundry', 'Restaurant', 'Breakfast available']","B-142, Vidyut Nagar B, Queens Road, Jaipur, Rajasthan, 302019",India,"26.900312, 75.754684",23
99,Hotel SK Grand,,,"['Air conditioning', 'Free WiFi', 'Parking included', 'Laundry', 'Restaurant', 'Breakfast available']","Tonk Rd, Jaipur, RJ, 302033",India,"26.791942, 75.817073",97
100,Trimrooms Mount Blue,5.0,Exceptional,"['Air conditioning', 'Free WiFi', 'Parking included', 'Laundry', 'Restaurant temporarily unavailableRestaurant', 'Breakfast available']","63-A, Mount Road, Ramgarhmode, Jaipur, RJ, 302002",India,"26.946332, 75.839409",33
101,Palm34,,,"['Air conditioning', 'Free WiFi', 'Parking included', 'Laundry', 'Pet friendly', 'Kitchen']","34, SHIV PATH, SURAJ NAGAR (WEST), CIVIL LINES, Jaipur, Rajasthan, 302006",India,"26.90295, 75.77682",47
102,Khatu Haveli,4.8,Exceptional,"['Breakfast included', 'Air conditioning', 'Free WiFi', 'Parking included', 'Laundry', 'Restaurant']","Uniyaron Ka Rasta, Chandpole Bazar, Jaipur, Rajasthan, 302001",India,"26.929741, 75.811546",57
103,Hotel The Ashapurna,,,"['Air conditioning', 'Parking included', 'Breakfast available', 'Housekeeping', '24/7 front desk']","P No. 12, Shastri Nagar, Subhash Nagar, Jaipur, Rajasthan, 302016",India,"26.935971, 75.798946",43
104,Shakun Hotels & Resorts Jaipur,,,"['Air conditioning', 'Free WiFi', 'Parking included', 'Laundry', 'Restaurant', 'Gym']","D-28, Subhash Marg, C-Scheme, Jaipur, Rajasthan, 302021",India,"26.911517, 75.802126",107
105,Umaid Bhawan,,,"['Parking included', 'Laundry', 'Pool', 'Restaurant', 'Housekeeping', 'Babysitting']","D1-2A Behind collectorate, Jaipur, Rajasthan, 302016",India,"26.927819, 75.789031",109
106,Hotel Neelam Paradise,,,"['Air conditioning', 'Free WiFi', 'Parking included', 'Restaurant', 'Breakfast available', 'Room service']","C-52, Vaishali Nagar, Sirsi Road, Jaipur, Jaipur, 302034",India,"26.9197, 75.7391",28
107,Arya Niwas,4.5,Wonderful,"['Air conditioning', 'Free WiFi', 'Parking included', 'Laundry', 'Restaurant', 'Breakfast available']","Sansar Chandra Road, Behind Amber Tower, Jaipur, Rajasthan, 302001",India,"26.921054, 75.804644",32
108,Jasoda Heritage by Keshav Global Hotels,,,"['Air conditioning', 'Free WiFi', 'Parking included', 'Laundry', 'Restaurant', 'Breakfast available']","Rochees Marg, J.D.A. Market, Behind Kale Ke Hanuman Ji Temple, Jaipur, Rajasthan, 302002",India,"26.930058, 75.828328",24
109,Raya Inn,,,"['Breakfast included', 'Free WiFi', 'Parking included', 'Laundry', 'Restaurant temporarily unavailableRestaurant', 'Housekeeping']","No. 32, Power House Road, Opp. Jaipur Junction, Jaipur, Rajasthan, 302006",India,"26.921333, 75.787917",36
110,The Wallstreet A Busines Hotel,4.0,Very Good,"['Air conditioning', 'Free WiFi', 'Parking included', 'Laundry', 'Restaurant temporarily unavailableRestaurant', 'Breakfast available']","C-7, New Colony M.I. Road, Near Panch Bhatti Circle, Jaipur, Rajasthan, 302001",India,"26.922536, 75.806858",35
111,Hotel Rajasthan Palace Jaipur,3.9,Good,"['Air conditioning', 'Free WiFi', 'Parking included', 'Laundry', 'Pool', 'Restaurant']","3, Peelwa Garden, Moti Doongari Road, Jaipur, Rajasthan, 302004",India,"26.900965, 75.821108",61
112,Hotel RR 62,,,"['Air conditioning', 'Free WiFi', 'Parking included', 'Laundry', 'Pool', 'Restaurant']","350, CHANDI KI TAKSAL, NEAR KALE HANUMAN JI KA MANDIR, Jaipur, 302002",India,"26.930398, 75.82921",40
113,Khandela Haveli A Heritage Boutique Hotel,3.9,Good,"['Air conditioning', 'Free WiFi', 'Parking included', 'Laundry', 'Pool', 'Restaurant']","D-219 A Bhaskar Marg, Banipark, Jaipur, Rajasthan, 302016",India,"26.932074, 75.788761",54
114,Jai Niwas,4.6,Wonderful,"['Air conditioning', 'Free WiFi', 'Parking included', 'Laundry', 'Restaurant temporarily unavailableRestaurant', 'Breakfast available']","3, Jalupura Scheme, Gopinath Marg, M. I. Road, Jaipur, Rajasthan, 302001",India,"26.920042, 75.804848",32
115,Devraj Niwas Boutique Hotel,4.0,Very Good,"['Air conditioning', 'Free WiFi', 'Parking included', 'Laundry', 'Pool', 'Restaurant']","Khasa Kothi Crossing, Bani Park, Jaipur, Rajasthan, 302016",India,"26.921546, 75.793836",52
116,Tara Niwas,4.5,Wonderful,"['Air conditioning', 'Free WiFi', 'Parking included', 'Laundry', 'Pet friendly', 'Restaurant']","B-22/B, Shiv Marg, Bani Park, Jaipur, Rajasthan, 302016",India,"26.926963, 75.794872",19
117,Hotel Fort Chandragupt Jaipur,,,"['Air conditioning', 'Spa', 'Free WiFi', 'Parking included', 'Laundry', 'Pool']","Station Road, Near Central Bus Stand, Jaipur, Rajasthan, 302006",India,"26.923237, 75.801628",32
118,The Lodge B & B,,,"['Free airport shuttle temporarily unavailableFree airport shuttle', 'Breakfast included', 'Air conditioning', 'Spa', 'Free WiFi', 'Parking included']","360 aakdon ka rasta, kishan pole bazar, Jaipur, rajasthan, 302001",India,"26.92067, 75.81689",31
119,OYO 35787 Hotel Lily Bay Prime,,,"['Breakfast included', 'Air conditioning', 'Free WiFi', 'Parking included', 'Business services', 'Housekeeping']","C-303,Siddharth Nagar,Jawahar Circle, Sangam Clny, Chainpura, Jagatpura, Jaipur, Rajasthan, 302029",India,"26.832667, 75.807771",40
120,Golden Eagle Hotels & Resorts,,,"['Air conditioning', 'Spa', 'Free WiFi', 'Parking included', 'Laundry', 'Pool']","200 Feet Bypass Road, 3, 4, 5A, B, Ajmer Rd, Flyover, Patel Nagar, Jaipur, Rajasthan, 302034",India,"26.88603, 75.731959",38
121,Krishna Palace,3.6,Good,"['Free WiFi', 'Parking included', 'Laundry', 'Restaurant temporarily unavailableRestaurant', 'Breakfast available', 'Business services']","E-26 Durga Marg, Bani Park, Jaipur, Rajasthan, 302016",India,"26.927881, 75.786483",17
122,Hotel Corporate Inn,,,"['Free WiFi', 'Parking included', 'Laundry', 'Restaurant', 'Breakfast available', 'Business services']","405 Lane 2, Rajapark, Jaipur, RJ, 302004",India,"26.894757, 75.827903",27
123,Hotel Sweet Dream,4.2,Very Good,"['Air conditioning', 'Free WiFi', 'Parking included', 'Laundry', 'Restaurant', 'Breakfast available']","Nehru Bazar, Jaipur, Rajasthan, 302003",India,"26.91727, 75.81949",40
125,Royale Lalit Hotel Jaipur,3.6,Good,"['Air conditioning', 'Free WiFi', 'Parking included', 'Laundry', 'Restaurant', 'Breakfast available']","101 Rathore Nagar Rd, Jaipur, RJ, 302021",India,"26.91071, 75.75251",64
126,Hotel Las Vegas,,,"['Air conditioning', 'Free WiFi', 'Parking included', 'Laundry', 'Restaurant', 'Bar']","A/1, 21, Sahkar Marg, C Scheme, near Godown Circle, Jaipur, Rajasthan, 302006",India,"26.899761, 75.792868",39
127,OYO 9973 Hotel Green Valley,,,"['Breakfast included', 'Air conditioning', 'Free WiFi', 'Parking included', 'Restaurant', 'Housekeeping']","26, Kunda, Amer, Rajasthan, 302028",India,"27.00916, 75.8792",60
128,Hotel Marc Inn,4.0,Very Good,"['Air conditioning', 'Free WiFi', 'Parking included', 'Laundry', 'Restaurant', 'Breakfast available']","S-5, 6, Amrapali Circle, Vaishali Nagar, Jaipur, Rajasthan, 302021",India,"26.911524, 75.742198",30
129,Hotel Indo Prime,,,"['Air conditioning', 'Free WiFi', 'Parking included', 'Laundry', 'Restaurant', 'Breakfast available']","C-14, MI Road, Jayanti Market, New Colony, Jaipur, Rajasthan, 302001",India,"26.916845, 75.811952",43
130,Le Amour Inn,4.0,Very Good,"['Air conditioning', 'Free WiFi', 'Parking included', 'Laundry', 'Restaurant', 'Business services']","S33-34 Mahaver Nagar, Gopalpura Flyover, Tonk Road, Jaipur, Rajasthan, 302018",India,"26.858192, 75.795359",50
131,Hotel Vrisa,,,"['Air conditioning', 'Free WiFi', 'Parking included', 'Laundry', 'Restaurant temporarily unavailableRestaurant', 'Breakfast available']","12, Airport plaza, Durgapura, Tonk Road, Jaipur, Rajasthan, 302018",India,"26.843117, 75.795562",58
132,Hotel Sunder Palace-a heritage styled boutique hotel,4.0,Very Good,"['Air conditioning', 'Free WiFi', 'Parking included', 'Laundry', 'Restaurant', 'Breakfast available']","46 Sanjay Marg, Hathroi Fort, Ajmer Road, Jaipur, Rajasthan, 302001",India,"26.91705, 75.795074",14
133,Hotel Sun City Plaza,5.0,Exceptional,"['Air conditioning', 'Free WiFi', 'Parking included', 'Laundry', 'Restaurant', 'Breakfast available']","H-935, Tonk Rd., Phase 3, Sitapura Industrial Area, Sitapura, Jaipur, Rajasthan, 302022",India,"26.785235, 75.84637",30
135,"Red Fox Hotel, Jaipur",,,"['Air conditioning', 'Free WiFi', 'Parking included', 'Laundry', 'Restaurant', 'Gym']","Jawahar Lal Nehru Marg, Opp. MNIT College, Bajaj Nagar, Jaipur, Rajasthan, 302017",India,"26.864506, 75.810707",75
136,Milestone 251,,,"['Air conditioning', 'Spa', 'Free WiFi', 'Parking included', 'Laundry', 'Restaurant temporarily unavailableRestaurant']","D 251, Devi Marg, Jaipur, Rajasthan, 302016",India,"26.926655, 75.78987",22
137,FabExpress Travelers Lodge,,,"['Breakfast included', 'Free WiFi', 'Parking included', 'Restaurant', 'Room service', 'Housekeeping']","Plot No. 16, Opp J.K Petrol Pump, Santosh Nagar, Jaipur, 302019",India,"26.88058, 75.75876",27
138,Hotel The Grand Kukas,,,"['Air conditioning', 'Free WiFi', 'Parking included', 'Laundry', 'Restaurant', 'Breakfast available']","Plot no 67, Royal City, Jaipur-Delhi Highway, Jamwa Ramgarh, Rajasthan, 302028",India,"27.048561, 75.905502",47
139,Treebo Trend Woodsvilla Suites Bapu Nagar,4.1,Very Good,"['Breakfast included', 'Air conditioning', 'Free WiFi', 'Parking included', 'Laundry', 'Kitchen']","B - 136 A, Rajendra Marg, Bapu Nagar, Near Janta Store Crossing, Jaipur, 302015",India,"26.889815, 75.80887",33
140,All Seasons Homestay,4.5,Wonderful,"['Air conditioning', 'Free WiFi', 'Laundry', 'Restaurant', 'Breakfast available', 'Housekeeping']","63 Hathroi Fort, Ajmer Road, Hari Kishan Somani Marg, Jaipur, Rajasthan, 302001",India,"26.91618, 75.79642",28
141,Hotel Mohit Palace,,,"['Breakfast included', 'Air conditioning', 'Free WiFi', 'Parking included', 'Laundry', 'Restaurant']","Lal Kothi Shopping Centre, Near Sahara India Tonk Rd, Jaipur, Jaipur, 302015",India,"26.88201, 75.79881",38
142,Hotel Sarvmangla Garden,,,"['Air conditioning', 'Free WiFi', 'Parking included', 'Restaurant', 'Breakfast available', 'Business services']","Opp. Sylvan Bio-Diversity Forest Park, Agra - Jaipur Road, Sumel Rd, Jaipur, Rajasthan, 302031",India,"26.885631, 75.911098",34
143,Vesta Maurya Palace,,,"['Air conditioning', 'Free WiFi', 'Parking included', 'Laundry', 'Pool', 'Restaurant']","S-35A, Arvind Marg, Jaipur, Rajasthan, 302001",India,"26.915287, 75.811278",27
144,Hotel Mahadev resency,,,"['Air conditioning', 'Free WiFi', 'Restaurant', 'Breakfast available', 'Business services', 'Room service']","vivek nagar near bus station road, Jaipur, RJ, 302016",India,"26.92395, 75.79969",19
145,Hotel Shikha,4.0,Very Good,"['Air conditioning', 'Free WiFi', 'Parking included', 'Laundry', 'Restaurant', 'Breakfast available']","R-14, Yudhishthir Marg, C-Scheme, Jaipur, Rajasthan, 302001",India,"26.90592, 75.797",25
146,OYO 24565 Hotel Morgan,,,"['Breakfast included', 'Free WiFi', 'Room service', 'Housekeeping', '24/7 front desk']","A-40 Near Railway Station, Sen Colony Gopalbari, Jaipur, Rajasthan, 302016",India,"26.9228, 75.7882",14
147,Hotel Myriad Inn,,,"['Air conditioning', 'Free WiFi', 'Parking included', 'Laundry', 'Breakfast available', 'Room service']","Subhash Marg, Jaipur, RJ, 302001",India,"26.908873, 75.80012",45
148,Hotel Pearl Palace,4.5,Wonderful,"['Air conditioning', 'Free WiFi', 'Parking included', 'Laundry', 'Restaurant', 'Breakfast available']","51 Hathroi Fort Hari Kisan Somani Marg, Ajmer Road, Jaipur, RJ, 302001",India,"26.91619, 75.79565",27
149,Regenta Inn Jaipur,,,"['Air conditioning', 'Free WiFi', 'Parking included', 'Laundry', 'Pool', 'Restaurant']","B-31 , Govind Marg, Near Baraf Khana Gossing, Jaipur, Rajasthan, 302004",India,"26.901939, 75.836112",40
150,Castle Kanota,,,"['Air conditioning', 'Parking included', 'Laundry', 'Pool', 'Restaurant', 'Gym']","Ganesh Vihar Colony, Kanota, Agra Road, Jaipur, Jaipur, RJ, 303012",India,"26.872086, 75.94959",54
151,The Raas Mahal,,,"['Air conditioning', 'Free WiFi', 'Parking included', 'Laundry', 'Restaurant', 'Business services']","Amer Rd, Jaipur, RJ, 302002",India,"26.943283, 75.838336",54
152,Hotel Metro Inn,3.6,Good,"['Air conditioning', 'Free WiFi', 'Parking included', 'Laundry', 'Restaurant', 'Room service']","Plot No 9 Fateh Singh Marke, t Opp Rajputana Sheraton Railway Station, Jaipur, Rajasthan, 302006",India,"26.917858, 75.791847",39
153,The Timber Garden Adventure Club,,,"['Air conditioning', 'Free WiFi', 'Parking included', 'Laundry', 'Pool', 'Restaurant']","Jaisinghpura Gram Mandau Bhankrota, Near Sanskrit University Ajmer Road, Jaipur, 302006",India,"26.807855, 75.716438",54
154,Bikaner Haveli,,,"['Air conditioning', 'Free WiFi', 'Parking included', 'Laundry', 'Restaurant', 'Breakfast available']","A 67 Bikaner Haveli, Amber road Jaipur, Jaipur, Rajasthan, 302002",India,"26.94077, 75.83643",40
155,OYO 22942 Hotel Opal,,,"['Breakfast included', 'Air conditioning', 'Free WiFi', 'Kitchen', 'Room service', 'Housekeeping']","P- 17 Punjabi Colony, Near Chungi Circle Ramgarh Modh Jaipur, Jaipur, Rajasthan, 302002",India,"26.945245, 75.849572",51
156,Hotel Kalyan,3.6,Good,"['Air conditioning', 'Free WiFi', 'Parking included', 'Laundry', 'Restaurant', 'Breakfast available']","59 Hathroi Fort, Ajmer Road, Jaipur, Rajasthan, 302001",India,"26.916098, 75.795756",15
157,Hotel Saba Haveli,5.0,Exceptional,"['Air conditioning', 'Free WiFi', 'Parking included', 'Restaurant', 'Room service', 'Housekeeping']","477, Hotel Saba Haveli, gangapole, Jaipur, Rajasthan, 302002",India,"26.93261, 75.83501",68
158,OYO 2730 Hotel Ethnic Residency,,,"['Breakfast included', 'Air conditioning', 'Free WiFi', 'Parking included', 'Laundry', 'Restaurant']","Plot No. 5/301, Girdhar Marg, Malviya Nagar, Jaipur, Rajasthan, 302017",India,"26.847277, 75.806459",85
159,OYO 11389 Hotel NG Palace,,,"['Breakfast included', 'Air conditioning', 'Free WiFi', 'Parking included', 'Laundry', 'Restaurant']","1, Karbla Road, Ramgarh Mod, Jaipur, 302002",India,"26.946475, 75.843638",33
160,Hotel Metro View,,,"['Air conditioning', 'Free WiFi', 'Parking included', 'Laundry', 'Restaurant', 'Breakfast available']","Opp. Mayank Tower, Near Chandpole Police Line, Jaipur, Rajasthan, 302002",India,"26.923971, 75.803657",17
161,The Narayans,,,"['Air conditioning', 'Free WiFi', 'Parking included', 'Laundry', 'Housekeeping', '24/7 front desk']","D 151 A DURGA MARG, BANI PARK, Jaipur, RAJASTHAN, 302016",India,"26.927415, 75.787421",54
162,Treebo Trend Bliss Raja Park,4.0,Very Good,"['Breakfast included', 'Air conditioning', 'Free WiFi', 'Parking included', 'Laundry', 'Restaurant']","289, Lane No. 6, Vaishno Devi Marg, Panchwati Circle, Raja Park, Jaipur, Rajasthan, 302004",India,"26.892016, 75.829269",20
163,R41- A Boutique Hotel,,,"['Air conditioning', 'Free WiFi', 'Parking included', 'Laundry', 'Restaurant', 'Housekeeping']","Plot no. 41, Rathod Nagar Vaishali Nagar, Jaipur, Rajasthan, 302021",India,"26.909889, 75.751774",33
165,OYO 1143 Hotel RDB Palace,,,"['Breakfast included', 'Air conditioning', 'Free WiFi', 'Parking included', 'Restaurant', 'Housekeeping']","SD-4A, Kabir Marg, Bani Park, Jaipur, Rajasthan, 302016",India,"26.924307, 75.790079",26
166,FabHotel Sapphire Inn Mansarovar,3.5,Good,"['Breakfast included', 'Air conditioning', 'Free WiFi', 'Parking included', 'Laundry', 'Restaurant']","20/115, Kaveri Path, Mansarovar Jaipur, Jaipur, RJ, 302020",India,"26.87558, 75.74994",30
167,Rajputana Haveli,4.0,Very Good,"['Air conditioning', 'Free WiFi', 'Parking included', 'Laundry', 'Restaurant', 'Breakfast available']","56B Govind Nagar east Krishna Marg, Amer Road near Jorawar Singh Gate, Jaipur, Rajasthan, 302002",India,"26.89777, 75.824103",22
168,Hotel Classic Inn,4.1,Very Good,"['Air conditioning', 'Free WiFi', 'Parking included', 'Laundry', 'Restaurant temporarily unavailableRestaurant', 'Breakfast available']","96 Badodiya Scheme, Railway Station, Kabir Marg, Bani Park, Jaipur, Rajasthan, 302016",India,"26.922258, 75.790977",15
169,Wind Palace hotel,,,"['Air conditioning', 'Free WiFi', 'Parking included', 'Laundry', 'Restaurant', 'Breakfast available']","Outside Jorawer Singh Gate, Main Amer Road, Jaipur, Rajasthan, 302002",India,"26.937373, 75.834852",42
170,BrijNest Suites,,,"['Air conditioning', 'Spa', 'Free WiFi', 'Parking included', 'Laundry', 'Pet friendly']","Jawahar Lal Nehru Marg, Within the Premises of Clarks Amer, Jaipur, Rajasthan, 302018",India,"26.846376, 75.800481",169
171,Shivoham Yoga retreats,,,"['Air conditioning', 'Free WiFi', 'Parking included', 'Pool', 'Restaurant', 'Room service']","Sumel, Beermalpura at Mukandpura, Jaipur, RJ, 302027",India,"26.921308, 75.920597",36
172,OYO 15154 Hotel After Hours,,,"['Breakfast included', 'Air conditioning', 'Free WiFi', 'Room service', 'Housekeeping', '24/7 front desk']","Htl River Side21Shipra Path Road, Near Surya Mahal Garden Mansarovar, Jaipur, Rajasthan, 302019",India,"26.84772, 75.77633",41
173,Hotel Ankur Palace,,,"['Air conditioning', 'Free WiFi', 'Parking included', 'Room service', 'Housekeeping']","Plot No.4, Fateh Singh Market, Near Railway Station, Rajasthan, Jaipur, Rajasthan, 302001",India,"26.91783, 75.79187",15
174,Hotel Thikana Palace,,,"['Air conditioning', 'Free WiFi', 'Parking included', 'Laundry', 'Pet friendly', 'Pool']","11, Fathsingh Market, Opposite, Rajputana Hotel, Near Railway Station, Jaipur, Rajasthan, 302006",India,"26.917701, 75.791687",13
176,Heritage Haveli - A Stay Home,,,"['Air conditioning', 'Free WiFi', 'Parking included', 'Laundry', 'Restaurant', 'Breakfast available']","80-A Shankar Vihar B, Near Airport Terminal-2,Gator Rd, Jaipur, 302017",India,"26.8348, 75.81176",22
177,Hotel Rockland,,,"['Air conditioning', 'Spa', 'Free WiFi', 'Parking included', 'Laundry', 'Restaurant']","263, Frontier Colony, Adarsh Nagar, Opposite Dusshera Maidan, Jaipur, Rajasthan, 302004",India,"26.89854, 75.83181",33
178,Wood Garden Hide,,,"['Air conditioning', 'Kitchen', 'Pool', 'Gym', 'Breakfast available']","Jaipur, Rajasthan",India,"26.979357, 75.777615",60
179,Hotel The Queens,,,"['Air conditioning', 'Free WiFi', 'Parking included', 'Restaurant', 'Breakfast available', 'Business services']","Durga Marg, Jaipur, RJ, 302016",India,"26.925506, 75.78949",17
181,Jaipur Residences 1,,,"['Breakfast included', 'Air conditioning', 'Free WiFi', 'Parking included', 'Laundry', 'Pet friendly']","D-234, Kusum Vihar, Jaipur, Rajasthan, 303012",India,"26.916201, 75.736297",30
182,V One pride,,,"['Air conditioning', 'Free WiFi', 'Parking included', 'Laundry', 'Pool', 'Restaurant']","E-3/E-10, Next To Vishu Marriage Garden, Nirman Nagar, DCM Ajmer Road, Jaipur, Rajasthan, 302016",India,"26.888362, 75.741644",55
183,Hotel Sajjan Niwas,,,"['Air conditioning', 'Free WiFi', 'Parking included', 'Laundry', 'Pool', 'Restaurant']","D1/2 b, Behind collectorate, Banipark, Jaipur, Rajasthan, 302016",India,"26.928395, 75.792169",34
184,OYO 3311 Hotel Apple 9,,,"['Breakfast included', 'Air conditioning', 'Free WiFi', 'Parking included', 'Housekeeping']","Plot No. 5 Friends Colony, Malviya Nagar, Jaipur, Rajasthan, 302017",India,"26.856337, 75.820801",14
185,OYO 7152 Gumaan Heritage,,,"['Breakfast included', 'Air conditioning', 'Free WiFi', 'Restaurant', 'Room service', 'Housekeeping']","Plot No.317 A,Mahaveer Nagar, Near Durgapura Railway Station, Jaipur, 302018",India,"26.85493, 75.78968",17
186,Hotel VB Heritage Heights,,,"['Free WiFi', 'Parking included', 'Restaurant', 'Gym', 'Breakfast available', 'Business services']","A-6 Fateh Tiba Rd, Jaipur, RJ, 302004",India,"26.90832, 75.82425",35
187,Rawla Mrignayani Palace,3.9,Good,"['Air conditioning', 'Free WiFi', 'Parking included', 'Laundry', 'Restaurant', 'Breakfast available']","Rao Kriparam Ki Haveli, Opp Silver Art Palace,Old Amer Road, Jaipur, Rajasthan, 302002",India,"26.931515, 75.83212",13
188,Skyzone Greens Resort,,,"['Air conditioning', 'Free WiFi', 'Parking included', 'Laundry', 'Pet friendly', 'Pool']","Opp Hotel Lemeridian, Jaipur-Delhi Highway Kukas, Amber, Amer, Rajasthan, 302028",India,"27.036225, 75.886316",34
189,Hotel Royal Amer City,,,"['Free airport shuttle', 'Air conditioning', 'Spa', 'Free WiFi', 'Parking included', 'Laundry']","Opp. Bharmal Chatriyan Delhi Road, Jaipur, Amer, Rajasthan, 302028",India,"26.998091, 75.876274",16
190,Hotel Gitanjali,,,"['Air conditioning', 'Free WiFi', 'Parking included', 'Laundry', 'Restaurant', 'Business services']","Near JECC, Van Vihar, Sitapura, Tolltax, Jaipur, Rajasthan, 302015",India,"26.790275, 75.818994",14
191,Kalyan Heritage,3.7,Good,"['Air conditioning', 'Free WiFi', 'Parking included', 'Laundry', 'Restaurant', 'Breakfast available']","34/35 Swaroop Vihar Vistaar Extn., Jaipur, 302001",India,"26.818932, 75.858761",18
192,Chitrakatha,3.9,Good,"['Free WiFi', 'Parking included', 'Laundry', 'Restaurant', 'Breakfast available', 'Room service']","60 Hathroi Fort, Ajmer Road, Jaipur, Jaipur, Rajasthan",India,"26.916609, 75.795972",13
193,OYO 22544 Hotel Vijeet Palace,,,"['Breakfast included', 'Air conditioning', 'Free WiFi', 'Parking included', 'Laundry', 'Restaurant']","9 Khandela House, Sansar Chand Road Behind Amber Tower, Jaipur, Rajasthan, 302001",India,"26.920346, 75.804921",14
194,Treebo Trip Tordi Haveli,,,"['Air conditioning', 'Free WiFi', 'Parking included', 'Laundry', 'Restaurant', 'Room service']","Plot- 32, sector no 6 chitrakoot scheme,, Vaishali Nagar. 302021, Jaipur, Rajasthan, 302021",India,"26.89878, 75.735933",40
195,Hotel Golden Heritage,,,"['Air conditioning', 'Free WiFi', 'Parking included', 'Laundry', 'Restaurant', 'Breakfast available']","A3, H2, SUNDAR PATH NEAR CRYSTAL MALL, BANIPARK, Jaipur, RAJASTHAN, 302016",India,"26.92329, 75.79215",14
196,Konark Palace hotel,5.0,Exceptional,"['Air conditioning', 'Free WiFi', 'Parking included', 'Laundry', 'Kitchen', 'Restaurant']","828-B, Opposite IOC Building, Frontier Colony, Adarsh Nagar, Jaipur, Rajathan, 302004",India,"26.900737, 75.830634",12
197,Hotel Dharohar Palace,4.5,Wonderful,"['Air conditioning', 'Free WiFi', 'Parking included', 'Laundry', 'Room service', '24/7 front desk']","1, Khetri house Near Hotel Bissau Palace, Outside, Chandpole Gate, Jaipur, RJ, 302016",India,"26.929334, 75.80831",12
198,OYO 452 Hotel City Inn,,,"['Breakfast included', 'Air conditioning', 'Free WiFi', 'Parking included', 'Laundry', 'Restaurant']","189A, Panchwati Circle, Lane no.- 1, Raja Park, Jaipur, Rajasthan, 302004",India,"26.894285, 75.830506",83
199,Raj Regency,4.1,Very Good,"['Air conditioning', 'Free WiFi', 'Parking included', 'Laundry', 'Restaurant', 'Breakfast available']","E 89, Lal Bahadur Nagar, Jaipur, Rajasthan, 302018",India,"26.849802, 75.798915",17
200,Hotel Sukh Vilas Jaipur,,,"['Air conditioning', 'Free WiFi', 'Parking included', 'Laundry', 'Restaurant', 'Room service']","24-Chetak Marg,Beside JK Lone Hospital, Moti Doongri Circle, Jaipur, Rajasthan, 302004",India,"26.900398, 75.818547",17
